{"accross_clues": ["1 State-of-the-art", "4 Figure on a tag", "6 Starboard, on a ship", "7 Guiding belief", "8 Non-human with an Instagram account, say"], "down_clues": ["1 Domain of the Roman goddess Nox", "2 Video call annoyance", "3 Dampens", "4 Kitchen work before cooking", "5 Religious ceremony"], "answers": ["black", "black", "1NN", "2EE", "3WW", "4PP", "5RR", "II", "CC", "EE", "6RR", "II", "GG", "HH", "TT", "7EE", "TT", "HH", "OO", "SS", "8PP", "EE", "TT", "black", "black"], "generated_accross_clues": ["1. Unfamiliar", "4. Value measured by what must be given or done or undergone to obtain something", "6. Socially right or correct", "7. (anthropology) the distinctive spirit of a culture or an era", "8. Stroke or caress in an erotic manner, as during lovemaking"], "generated_down_clues": ["4. Preparatory school work done outside school (especially at home)", "5. An established ceremony prescribed by a religion", "1. A shortening of nightfall", "2. A reply that repeats what has just been said", "3. Cause to become wet"]}